UID,Word,Alternative spellings,Grouping,Level of offensiveness,Acceptability,Amongst least recognised words,Classification date,Source
96c19904-d678-4403-8be8-70f873374545,Arse,,General swear words and body parts,Milder words,"Mild language, generally of little concern.",FALSE,2016-10-14,https://www.ofcom.org.uk/about-ofcom/latest/media/media-releases/2016/attitudes-to-offensive-language
b7e2c59a-e4f0-4ce8-8302-b2ba62671991,Bloody,,General swear words and body parts,Milder words,"Mild language, generally of little concern. Frequently used in everyday language to express emotion, and not usually as a directed insult.",FALSE,2016-10-14,https://www.ofcom.org.uk/about-ofcom/latest/media/media-releases/2016/attitudes-to-offensive-language
da744c09-0bc6-4084-b3fc-03ee7962dc51,Bugger,,General swear words and body parts,Milder words,"Mild language, generally of little concern. Frequently used in everyday language to express emotion when making a mistake. Seen as much stronger when used in a clearly sexual context.",FALSE,2016-10-14,https://www.ofcom.org.uk/about-ofcom/latest/media/media-releases/2016/attitudes-to-offensive-language
0c1db7d6-d1e5-4675-aa3d-e507a0ffe987,Cow,,General swear words and body parts,Milder words,"Mild language, generally of little concern. Commonly viewed as a humorous insult.",FALSE,2016-10-14,https://www.ofcom.org.uk/about-ofcom/latest/media/media-releases/2016/attitudes-to-offensive-language
79607bcb-468a-4fb0-8c57-479d98a796f8,Crap,,General swear words and body parts,Milder words,"Mild language, generally of little concern.",FALSE,2016-10-14,https://www.ofcom.org.uk/about-ofcom/latest/media/media-releases/2016/attitudes-to-offensive-language
7dedca75-64f1-47d5-afe5-6f157cfd63c6,Damn,,General swear words and body parts,Milder words,"Mild language, generally of little concern.",FALSE,2016-10-14,https://www.ofcom.org.uk/about-ofcom/latest/media/media-releases/2016/attitudes-to-offensive-language
f4a97036-348b-4733-8eb1-3a8e7f05d300,Ginger,,General swear words and body parts,Milder words,"Mild language, generally of little concern. Typically viewed as a humorous insult, however more aggression or specific intent to hurt heightens impact.",FALSE,2016-10-14,https://www.ofcom.org.uk/about-ofcom/latest/media/media-releases/2016/attitudes-to-offensive-language
ac6a3ce5-301f-42d4-8ddd-6db3e0afa1e1,Git,,General swear words and body parts,Milder words,"Mild language, generally of little concern. Tyically viewed as a humorous insult",FALSE,2016-10-14,https://www.ofcom.org.uk/about-ofcom/latest/media/media-releases/2016/attitudes-to-offensive-language
4e727c4f-4c3d-406a-adf4-6ae8573011e0,God,,General swear words and body parts,Milder words,"Mild language, generally of little concern when used to express emotion. A concern for older or more religiously sensitive participants when used as an obscenity. Some recognition that this may offend religious people.",FALSE,2016-10-14,https://www.ofcom.org.uk/about-ofcom/latest/media/media-releases/2016/attitudes-to-offensive-language
09163370-a384-43ff-a82e-cd50394e1b7b,Goddam,,General swear words and body parts,Milder words,"Mild language, generally of little concern when used to express emotion. Seen as slightly stronger than ‘God’ because it is more aggressive. Some recognition that this might offend religious people.",FALSE,2016-10-14,https://www.ofcom.org.uk/about-ofcom/latest/media/media-releases/2016/attitudes-to-offensive-language
0726bcaa-a582-4b57-a189-ce7fb4d287e9,Jesus Christ,,General swear words and body parts,Milder words,"Mild language, generally of little concern when used to express emotion. A concern for older or more religiously sensitive participants when used as an obscenity. Some recognition that this may offend religious people",FALSE,2016-10-14,https://www.ofcom.org.uk/about-ofcom/latest/media/media-releases/2016/attitudes-to-offensive-language
be0084bb-1032-4a42-8f46-103854e033a1,Minger,,General swear words and body parts,Milder words,"Mild language, generally of little concern. Viewed as a humorous insult. More unpleasant than offensive. More aggression or specific intent to hurt heightens impact.",FALSE,2016-10-14,https://www.ofcom.org.uk/about-ofcom/latest/media/media-releases/2016/attitudes-to-offensive-language
4c238b67-8233-4b0a-a7ef-25a1e1469a95,Sod-off,,General swear words and body parts,Milder words,"Mild language, generally of little concern.",FALSE,2016-10-14,https://www.ofcom.org.uk/about-ofcom/latest/media/media-releases/2016/attitudes-to-offensive-language
07c045ff-c507-49f9-b4d0-ed839046e6a6,Arsehole,,General swear words and body parts,Medium words,"Medium language, potentially unacceptable pre-watershed. More aggression or specific intent to hurt heightens impact.",FALSE,2016-10-14,https://www.ofcom.org.uk/about-ofcom/latest/media/media-releases/2016/attitudes-to-offensive-language
0d311530-cefe-4dbb-9957-9cdfe4a0aa47,Balls,,General swear words and body parts,Medium words,"Medium language, potentially unacceptable pre-watershed. Particularly vulgar or sexual use heightens the impact, especially for women.",FALSE,2016-10-14,https://www.ofcom.org.uk/about-ofcom/latest/media/media-releases/2016/attitudes-to-offensive-language
7d8b9245-bb1c-40ea-84a6-bdceb74721be,Bint,,General swear words and body parts,Medium words,"Medium language, potentially unacceptable pre-watershed. Seen as potentially derogatory by women, but men also find the word problematic.",FALSE,2016-10-14,https://www.ofcom.org.uk/about-ofcom/latest/media/media-releases/2016/attitudes-to-offensive-language
7fc63d59-9fc1-40ec-bc82-bd6c8adee91a,Bitch,,General swear words and body parts,Medium words,"Medium language, potentially unacceptable pre-watershed. More aggression or specific intent to hurt heightens impact.",FALSE,2016-10-14,https://www.ofcom.org.uk/about-ofcom/latest/media/media-releases/2016/attitudes-to-offensive-language
866d5b54-e06c-4b0e-b19e-fff5aa787e3c,Bollocks,,General swear words and body parts,Medium words,"Medium language, potentially unacceptable pre-watershed. Not generally offensive but somewhat vulgar when used to refer to testicles. Less problematic when used to mean ‘nonsense’.",FALSE,2016-10-14,https://www.ofcom.org.uk/about-ofcom/latest/media/media-releases/2016/attitudes-to-offensive-language
81ded97c-b74e-4162-9b86-6446649d11e0,Bullshit,,General swear words and body parts,Medium words,"Medium language, potentially unacceptable pre-watershed. Older participants more likely to consider the word unacceptable.",FALSE,2016-10-14,https://www.ofcom.org.uk/about-ofcom/latest/media/media-releases/2016/attitudes-to-offensive-language
861605f2-8e0b-47fa-b487-b7d937673e67,Feck,Effing,General swear words and body parts,Medium words,"Medium language, potentially unacceptable pre-watershed. Often seen as humorous. Older participants more likely to consider the word unacceptable",FALSE,2016-10-14,https://www.ofcom.org.uk/about-ofcom/latest/media/media-releases/2016/attitudes-to-offensive-language
f64f5e0e-4087-42cf-ac02-c362b478eb0b,Munter,,General swear words and body parts,Medium words,"Medium language, potentially unacceptable pre-watershed. More aggression or specific intent to hurt heightens impact.",FALSE,2016-10-14,https://www.ofcom.org.uk/about-ofcom/latest/media/media-releases/2016/attitudes-to-offensive-language
4d7cf63f-52df-407a-8318-30162ec6c139,Pissed,Pissed off,General swear words and body parts,Medium words,"Medium language, potentially unacceptable pre-watershed. Neither meaning – drunk or angry – particularly offensive but more problematic when used aggressively or repeatedly.",FALSE,2016-10-14,https://www.ofcom.org.uk/about-ofcom/latest/media/media-releases/2016/attitudes-to-offensive-language
f32d8c22-0c63-4606-9034-ad149ef477f3,Shit,,General swear words and body parts,Medium words,"Medium language, potentially unacceptable pre-watershed. Common language used in everyday life but problematic when used aggressively or repeatedly. Concerns about children learning the word.",FALSE,2016-10-14,https://www.ofcom.org.uk/about-ofcom/latest/media/media-releases/2016/attitudes-to-offensive-language
0d8951aa-1236-4e7f-b62e-e5cbe7eab285,Son of a bitch,,General swear words and body parts,Medium words,"Medium language, potentially unacceptable pre-watershed.",FALSE,2016-10-14,https://www.ofcom.org.uk/about-ofcom/latest/media/media-releases/2016/attitudes-to-offensive-language
2fda0627-a21e-4a7d-b3f8-f5a61386f0b0,Tits,,General swear words and body parts,Medium words,"Medium language, potentially unacceptable pre-watershed. Vulgar or sexual use heightens the impact.",FALSE,2016-10-14,https://www.ofcom.org.uk/about-ofcom/latest/media/media-releases/2016/attitudes-to-offensive-language
ec3b4db1-3e36-4804-9d4b-ec4ff060556e,Bastard,,General swear words and body parts,Strong words,"Strong language, generally unacceptable pre-watershed. More aggression or specific intent to hurt heightens impact. Less problematic when used to refer indirectly to someone who is cruel or nasty.",FALSE,2016-10-14,https://www.ofcom.org.uk/about-ofcom/latest/media/media-releases/2016/attitudes-to-offensive-language
38f23583-da7a-4463-9d7b-f64e63cb2045,Beaver,,General swear words and body parts,Strong words,"Strong language, generally unacceptable pre-watershed. Seen as vulgar and distasteful, especially by women.",FALSE,2016-10-14,https://www.ofcom.org.uk/about-ofcom/latest/media/media-releases/2016/attitudes-to-offensive-language
b1f523bf-4e1b-4499-9ce1-1fab57e0f074,Beef curtains,,General swear words and body parts,Strong words,"Strong language, generally unacceptable pre-watershed. Low recognition. Seen as vulgar and distasteful, especially by women.",TRUE,2016-10-14,https://www.ofcom.org.uk/about-ofcom/latest/media/media-releases/2016/attitudes-to-offensive-language
81cbe9f4-5104-4586-a865-f351fdb4c02a,Bellend,,General swear words and body parts,Strong words,"Strong language, generally unacceptable pre-watershed. Seen by some as a childish word often said in jest. More aggression or specific intent to hurt heightens impact.",FALSE,2016-10-14,https://www.ofcom.org.uk/about-ofcom/latest/media/media-releases/2016/attitudes-to-offensive-language
e17e9577-6e71-46db-9c5d-6507ca0055cd,Bloodclaat,,General swear words and body parts,Strong words,"Strong language, generally unacceptable pre-watershed. Low recognition. Among those familiar, seen as vulgar and crude. Strongly disliked by women when meaning discussed.",FALSE,2016-10-14,https://www.ofcom.org.uk/about-ofcom/latest/media/media-releases/2016/attitudes-to-offensive-language
c6e2e2b8-6ea2-4e81-8d3f-78d559b9f7e3,Clunge,,General swear words and body parts,Strong words,"Strong language, generally unacceptable pre-watershed. Not always recognised. Seen as vulgar and distasteful, especially by women.",FALSE,2016-10-14,https://www.ofcom.org.uk/about-ofcom/latest/media/media-releases/2016/attitudes-to-offensive-language
a3bef80b-184c-4557-bdb9-e94c387bb2a8,Cock,,General swear words and body parts,Strong words,"Strong language, generally unacceptable pre-watershed. Seen as vulgar and distasteful by many. Less problematic when used in a humorous context.",FALSE,2016-10-14,https://www.ofcom.org.uk/about-ofcom/latest/media/media-releases/2016/attitudes-to-offensive-language
b61c0266-798d-4840-a80e-b69b90bd2844,Dick,,General swear words and body parts,Strong words,"Strong language, generally unacceptable pre-watershed. Seen as vulgar and distasteful by many. Less problematic when used in a humorous context, and generally considered slightly milder than ‘cock’.",FALSE,2016-10-14,https://www.ofcom.org.uk/about-ofcom/latest/media/media-releases/2016/attitudes-to-offensive-language
cb1ad37f-6cee-4d3a-b697-5af2d6814595,Dickhead,,General swear words and body parts,Strong words,"Strong language, generally unacceptable pre-watershed. Seen as vulgar and distasteful by many. Less problematic when used in a humorous context.",FALSE,2016-10-14,https://www.ofcom.org.uk/about-ofcom/latest/media/media-releases/2016/attitudes-to-offensive-language
15d36655-3944-446e-85d9-c0cbacf0e063,Fanny,,General swear words and body parts,Strong words,"Strong language, generally unacceptable pre-watershed. Seen as crude, particularly by women.",FALSE,2016-10-14,https://www.ofcom.org.uk/about-ofcom/latest/media/media-releases/2016/attitudes-to-offensive-language
0d53b009-7fc7-4697-9bca-fd10bd4644cf,Flaps,,General swear words and body parts,Strong words,"Strong language, generally unacceptable pre-watershed. Seen as crude and often derogatory, particularly by women.",FALSE,2016-10-14,https://www.ofcom.org.uk/about-ofcom/latest/media/media-releases/2016/attitudes-to-offensive-language
57ce3914-f8da-4cf2-a007-7b7e9b54d248,Gash,,General swear words and body parts,Strong words,"Strong language, generally unacceptable pre-watershed. Seen as crude and often derogatory, particularly by women.",FALSE,2016-10-14,https://www.ofcom.org.uk/about-ofcom/latest/media/media-releases/2016/attitudes-to-offensive-language
8940aec6-8210-4b74-909a-aa97eec60db2,Knob,,General swear words and body parts,Strong words,"Strong language, generally unacceptable pre-watershed. Seen as vulgar and distasteful by many. Less problematic when used in a humorous context, and generally considered slightly milder than ‘cock’.",FALSE,2016-10-14,https://www.ofcom.org.uk/about-ofcom/latest/media/media-releases/2016/attitudes-to-offensive-language
60870d91-a89f-4bf4-8d31-f4bffc637e2e,Minge,,General swear words and body parts,Strong words,"Strong language, generally unacceptable pre-watershed. Seen as crude and often derogatory, particularly by women.",FALSE,2016-10-14,https://www.ofcom.org.uk/about-ofcom/latest/media/media-releases/2016/attitudes-to-offensive-language
ff837d91-a357-40bd-8f0a-841b4adbb64d,Prick,,General swear words and body parts,Strong words,"Strong language, generally unacceptable pre-watershed. Less problematic when used in a humorous context.",FALSE,2016-10-14,https://www.ofcom.org.uk/about-ofcom/latest/media/media-releases/2016/attitudes-to-offensive-language
ec0d15a4-5cc5-4ab3-b9f7-ea86258ee0f7,Punani,,General swear words and body parts,Strong words,"Strong language, generally unacceptable pre-watershed. Not always recognised. Seen as vulgar and distasteful by those familiar",FALSE,2016-10-14,https://www.ofcom.org.uk/about-ofcom/latest/media/media-releases/2016/attitudes-to-offensive-language
c577025e-7bde-4b03-9f77-808ab2be64dd,Pussy,,General swear words and body parts,Strong words,"Strong language, generally unacceptable pre-watershed. Seen as vulgar and distasteful when used to refer to the vagina. Much milder when used to mean weak or ineffectual but still seen as problematic by some.",FALSE,2016-10-14,https://www.ofcom.org.uk/about-ofcom/latest/media/media-releases/2016/attitudes-to-offensive-language
656e6f9a-d30a-4f0b-9ad3-8f74519691f7,Snatch,,General swear words and body parts,Strong words,"Strong language, generally unacceptable pre-watershed. Seen as vulgar and distasteful by many.",FALSE,2016-10-14,https://www.ofcom.org.uk/about-ofcom/latest/media/media-releases/2016/attitudes-to-offensive-language
4fd75205-23c3-47f0-9923-3cba522e1f12,Twat,,General swear words and body parts,Strong words,"Strong language, generally unacceptable pre-watershed. Seen as vulgar and distasteful when used to refer to the vagina. Less problematic if describing a rude or obnoxious person, but still potentially offensive.",FALSE,2016-10-14,https://www.ofcom.org.uk/about-ofcom/latest/media/media-releases/2016/attitudes-to-offensive-language
ad425121-7d6f-476c-b313-1585519ab6fe,Cunt,,General swear words and body parts,Strongest words,"Strongest language, problematic for some even post-watershed. Vulgar, derogatory and shocking for both men and women. Especially distasteful and offensive to women and older participants.",FALSE,2016-10-14,https://www.ofcom.org.uk/about-ofcom/latest/media/media-releases/2016/attitudes-to-offensive-language
6758e497-62cd-4ee0-8233-6a929fb505f5,Fuck,,General swear words and body parts,Strongest words,"Strongest language, unacceptable pre-watershed. Seen as strong, aggressive and vulgar. Older participants more likely to consider the word unacceptable",FALSE,2016-10-14,https://www.ofcom.org.uk/about-ofcom/latest/media/media-releases/2016/attitudes-to-offensive-language
a76dafb3-6049-4ba9-8a81-b016fa33b656,Motherfucker,,General swear words and body parts,Strongest words,"Strongest language, problematic for some even post-watershed. Vulgar, derogatory and shocking for both men and women. Seen as very aggressive when intended to hurt or offend.",FALSE,2016-10-14,https://www.ofcom.org.uk/about-ofcom/latest/media/media-releases/2016/attitudes-to-offensive-language
7786f4df-9f6d-48c1-b3b0-59bf256cd777,Bonk,,Sexual references,Milder words,"Mild language, generally of little concern. Often humorous. More problematic for older participants.",FALSE,2016-10-14,https://www.ofcom.org.uk/about-ofcom/latest/media/media-releases/2016/attitudes-to-offensive-language
91c8b5ce-0502-4dba-ae9a-74db392e23a0,Shag,,Sexual references,Medium words,"Medium language, potentially unacceptable pre-watershed. Commonly used and often seen as light hearted, especially by men. More problematic for older participants.",FALSE,2016-10-14,https://www.ofcom.org.uk/about-ofcom/latest/media/media-releases/2016/attitudes-to-offensive-language
1ee43875-db15-438c-84b9-51616d1eb769,Slapper,,Sexual references,Medium words,"Medium language, potentially unacceptable pre-watershed. Seen as potentially derogatory by women, but men also find the word problematic. Not generally as insulting as ‘skank’ or ‘slag’.",FALSE,2016-10-14,https://www.ofcom.org.uk/about-ofcom/latest/media/media-releases/2016/attitudes-to-offensive-language
5790e62c-97c2-41d8-a7e9-68c335605fed,Tart,,Sexual references,Medium words,"Medium language, potentially unacceptable pre-watershed. Seen as potentially derogatory by women, but men also find the word problematic. Not generally as insulting as ‘skank’ or ‘slag’.",FALSE,2016-10-14,https://www.ofcom.org.uk/about-ofcom/latest/media/media-releases/2016/attitudes-to-offensive-language
e3511379-d99f-4c1d-ab05-04fafd62d129,Bukkake,,Sexual references,Strong words,"Strong language, generally unacceptable pre-watershed. Low recognition. Among those familiar, seen as vulgar and crude.",TRUE,2016-10-14,https://www.ofcom.org.uk/about-ofcom/latest/media/media-releases/2016/attitudes-to-offensive-language
cb7e41c6-ecea-4b13-9ed1-7a97daa7ec65,Cocksucker,,Sexual references,Strong words,"Strong language, generally unacceptable pre-watershed. Seen as vulgar and distasteful by many. Potentially used as a derogartory term towards homosexual men",FALSE,2016-10-14,https://www.ofcom.org.uk/about-ofcom/latest/media/media-releases/2016/attitudes-to-offensive-language
e47da30b-32d5-4691-8181-c50173049aa2,Dildo,,Sexual references,Strong words,"Strong language, generally unacceptable pre-watershed. Most thought of this word in reference to the sexual toy. It was seen as rude, particularly by older participants. Often discomfort rather than offence associated with thisword.",FALSE,2016-10-14,https://www.ofcom.org.uk/about-ofcom/latest/media/media-releases/2016/attitudes-to-offensive-language
982b2f8e-f893-4654-9728-adfcde027a86,Jizz,,Sexual references,Strong words,"Strong language, generally unacceptable pre-watershed. Not always recognised. Among those familiar, seen as vulgar and crude.",FALSE,2016-10-14,https://www.ofcom.org.uk/about-ofcom/latest/media/media-releases/2016/attitudes-to-offensive-language
e562a696-1c0b-4606-9928-1d3302c40d32,Ho,,Sexual references,Strong words,"Strong language, generally unacceptable pre-watershed. Not always recognised. Recognised as generally derogatory towards women.",FALSE,2016-10-14,https://www.ofcom.org.uk/about-ofcom/latest/media/media-releases/2016/attitudes-to-offensive-language
41dcce8c-5487-4355-bc5a-9759eed9d25b,Nonce,,Sexual references,Strong words,"Strong language, generally unacceptable pre-watershed for those aware of connotation of sexual offences. More aggression or specific intent to hurt heightens impact",FALSE,2016-10-14,https://www.ofcom.org.uk/about-ofcom/latest/media/media-releases/2016/attitudes-to-offensive-language
6ac0c40d-01a9-4ef7-add2-4cc975e62f6f,Prickteaser,,Sexual references,Strong words,"Strong language, generally unacceptable pre-watershed. Seen as vulgar and overtly sexual. Stronger concerns among women.",FALSE,2016-10-14,https://www.ofcom.org.uk/about-ofcom/latest/media/media-releases/2016/attitudes-to-offensive-language
b2be0d24-2495-4a9f-9ac0-b2d9360803b8,Rapey,,Sexual references,Strong words,"Strong language, generally unacceptable pre-watershed. Low recognition. Seen as unacceptable because it could trivialise sexual assault. Stronger concerns among women.",TRUE,2016-10-14,https://www.ofcom.org.uk/about-ofcom/latest/media/media-releases/2016/attitudes-to-offensive-language
67b1c9d1-ebd7-4ae1-84f6-36de1dd88fc5,Skank,,Sexual references,Strong words,"Strong language, generally unacceptable pre-watershed. Seen as potentially insulting by women.",FALSE,2016-10-14,https://www.ofcom.org.uk/about-ofcom/latest/media/media-releases/2016/attitudes-to-offensive-language
35d99b4a-5dcf-40ee-8aa3-28072e96ae71,Slag,,Sexual references,Strong words,"Strong language, generally unacceptable pre-watershed. Seen as potentially insulting by women.",FALSE,2016-10-14,https://www.ofcom.org.uk/about-ofcom/latest/media/media-releases/2016/attitudes-to-offensive-language
233fc094-c547-4ebf-a0d7-0f1a7964b0ea,Slut,,Sexual references,Strong words,"Strong language, generally unacceptable pre-watershed. Recognised as generally derogatory towards women.",FALSE,2016-10-14,https://www.ofcom.org.uk/about-ofcom/latest/media/media-releases/2016/attitudes-to-offensive-language
58e4142f-1797-4506-9375-cd52e53ce7a5,Wanker,,Sexual references,Strong words,"Strong language, generally unacceptable pre-watershed. More aggression or specific intent to hurt heightens impact.",FALSE,2016-10-14,https://www.ofcom.org.uk/about-ofcom/latest/media/media-releases/2016/attitudes-to-offensive-language
a91806a2-86eb-42b6-8303-467637c1e00d,Whore,,Sexual references,Strong words,"Strong language, generally unacceptable pre-watershed. Recognised as generally derogatory towards women.",FALSE,2016-10-14,https://www.ofcom.org.uk/about-ofcom/latest/media/media-releases/2016/attitudes-to-offensive-language
74ce4329-89a5-41d5-a7c4-6421b1320eb4,Iberian slap,,Offensive gestures,Medium gestures,Medium gesture potentially unacceptable pre-watershed. Less problematic in a humorous context.,FALSE,2016-10-14,https://www.ofcom.org.uk/about-ofcom/latest/media/media-releases/2016/attitudes-to-offensive-language
03d2725e-32b3-4b5c-8c5e-0a8b47b07303,Middle finger,,Offensive gestures,Medium gestures,Medium gesture potentially unacceptable pre-watershed. Less problematic in a humorous context. Slightly stronger than ‘two fingers’ gesture.,FALSE,2016-10-14,https://www.ofcom.org.uk/about-ofcom/latest/media/media-releases/2016/attitudes-to-offensive-language
60c835ec-49d2-4757-8455-4b341861dc74,Two fingers,,Offensive gestures,Medium gestures,Medium gesture potentially unacceptable pre-watershed. Less problematic in a humorous context,FALSE,2016-10-14,https://www.ofcom.org.uk/about-ofcom/latest/media/media-releases/2016/attitudes-to-offensive-language
441f3124-fd51-40a4-96cb-ccff48d35138,Blow job,,Offensive gestures,Strong gestures,Strong gesture. Generally unacceptable pre-watershed. Seen as vulgar and overtly sexual.,FALSE,2016-10-14,https://www.ofcom.org.uk/about-ofcom/latest/media/media-releases/2016/attitudes-to-offensive-language
fa2eccf9-8973-477e-8731-4b2938d9eec4,Two fingers with tongue (cunnilingus),,Offensive gestures,Strong gestures,Strong gesture. Generally unacceptable pre-watershed. Seen as vulgar and overtly sexual.,FALSE,2016-10-14,https://www.ofcom.org.uk/about-ofcom/latest/media/media-releases/2016/attitudes-to-offensive-language
e05a6cc6-cfcf-4b47-a1ad-9c9660a09a66,Wanker,,Offensive gestures,Strong gestures,Strong gesture. Generally unacceptable pre-watershed. Seen as vulgar and overtly sexual.,FALSE,2016-10-14,https://www.ofcom.org.uk/about-ofcom/latest/media/media-releases/2016/attitudes-to-offensive-language
b5a3c3ec-7f2f-4fe8-bdee-4e13700b78ca,Coffin dodger,,Older people,Milder words,"Mild language, generally of little concern. Seen as humorous, including by older participants. Some said that more aggression or specific intent to hurt would heighten impact, but not common enough for this to be based on experience.",FALSE,2016-10-14,https://www.ofcom.org.uk/about-ofcom/latest/media/media-releases/2016/attitudes-to-offensive-language
4c54eb45-8936-4cb5-ae5a-65bef4b79207,Old bag,,Older people,Milder words,"Mild language, generally of little concern. Seen as humorous, including by older participants. Considered rude rather than particularly offensive or insulting. More aggression or specific intent to hurt heightens impact.",FALSE,2016-10-14,https://www.ofcom.org.uk/about-ofcom/latest/media/media-releases/2016/attitudes-to-offensive-language
30f37269-2cdf-4cb4-851f-b9767e7858b8,FOP,,Older people,Medium words,"Medium language, potentially unacceptable. Very low recognition. When explained, most disliked the phrase as it uses strong language. Potentially offensive but not well known or commonly used and therefore less problematic. ",TRUE,2016-10-14,https://www.ofcom.org.uk/about-ofcom/latest/media/media-releases/2016/attitudes-to-offensive-language
6692f71c-cb43-4d7a-a146-cf7b897eb8cb,Fenian,,Religion,Strong words,"Strong language, generally unacceptable. Low recognition outside Northern Ireland. Among those familiar viewed as either politically sensitive or personally offensive when used as an insult.",TRUE,2016-10-14,https://www.ofcom.org.uk/about-ofcom/latest/media/media-releases/2016/attitudes-to-offensive-language
e7412794-fd9f-4e62-822d-05750f3e0a9c,Kafir,Kufaar,Religion,Strong words,"Strong language, generally unacceptable. Low recognition among non-Muslims. Potentially offensive when used with aggressive or derogatory intent.",TRUE,2016-10-14,https://www.ofcom.org.uk/about-ofcom/latest/media/media-releases/2016/attitudes-to-offensive-language
26edd8cb-6502-40ed-87b6-9b04d9606da0,Kike,,Religion,Strong words,"Strong language, generally unacceptable. Low recognition. Seen as as derogatory to Jewish people by those familiar with the term.",TRUE,2016-10-14,https://www.ofcom.org.uk/about-ofcom/latest/media/media-releases/2016/attitudes-to-offensive-language
fbefcc8b-3817-464b-be85-b46d89dac6a0,Papist,,Religion,Strong words,"Strong language, generally unacceptable. Low recognition outside Northern Ireland. Among those familiar viewed as either politically sensitive or personally offensive when used as an insult",TRUE,2016-10-14,https://www.ofcom.org.uk/about-ofcom/latest/media/media-releases/2016/attitudes-to-offensive-language
9f94ca41-bc75-489d-8539-8962823ed5b5,Prod,,Religion,Strong words,"Strong language, generally unacceptable. Low recognition outside Northern Ireland. Among those familiar viewed as either politically sensitive or personally offensive when used as an insult.",TRUE,2016-10-14,https://www.ofcom.org.uk/about-ofcom/latest/media/media-releases/2016/attitudes-to-offensive-language
2a1f2f51-0cb0-4b81-9256-6a7805f07e45,Taig,,Religion,Strong words,"Strong language, generally unacceptable. Low recognition outside Northern Ireland. Among those familiar viewed as either politically sensitive or personally offensive when used as an insult.",TRUE,2016-10-14,https://www.ofcom.org.uk/about-ofcom/latest/media/media-releases/2016/attitudes-to-offensive-language
c82ea5b2-414e-4f0f-b821-30805ed930e6,Yid,,Religion,Strong words,"Strong language, generally unacceptable. Seen as as derogatory to Jewish people by most. Some discussion about Tottenham Hotspur fans using this word and whether or not it is acceptable in that context.",FALSE,2016-10-14,https://www.ofcom.org.uk/about-ofcom/latest/media/media-releases/2016/attitudes-to-offensive-language
6498816e-82e7-4427-94f8-f11f5d4f400d,Gay,,Sexual orientation and gender identity,Milder words,Unproblematic when describing homosexuality in general terms. Some concern when used in a derogatory way or to mean something bad or unimpressive.,FALSE,2016-10-14,https://www.ofcom.org.uk/about-ofcom/latest/media/media-releases/2016/attitudes-to-offensive-language
78db9c7f-2da5-48b6-a148-d598656b5b7f,Bender,,Sexual orientation and gender identity,Strong words,"Strong language, generally unacceptable. Seen as old-fashioned, but derogatory to gay men.",FALSE,2016-10-14,https://www.ofcom.org.uk/about-ofcom/latest/media/media-releases/2016/attitudes-to-offensive-language
128a1a88-9e03-46f1-89ab-d6db3e12ea0e,Bummer,,Sexual orientation and gender identity,Medium words,"Medium language, potentially unacceptable. Seen as an old-fashioned term referring to homosexuality, and somewhat derogatory in this context. Acceptable when used to express disappointment.",FALSE,2016-10-14,https://www.ofcom.org.uk/about-ofcom/latest/media/media-releases/2016/attitudes-to-offensive-language
7a4a0633-0d18-4dd7-9745-331b4a97150e,Bum boy,,Sexual orientation and gender identity,Strong words,"Strong language, generally unacceptable. Old-fashioned, but derogatory to gay men.",FALSE,2016-10-14,https://www.ofcom.org.uk/about-ofcom/latest/media/media-releases/2016/attitudes-to-offensive-language
1256a96c-47ac-44ec-9f0f-704052fa25a6,Fairy,,Sexual orientation and gender identity,Medium words,"Medium language, potentially unacceptable. Potentially derogatory to gay men but depends on intent. Some recognition word has been reclaimed by some in the LGB community.",FALSE,2016-10-14,https://www.ofcom.org.uk/about-ofcom/latest/media/media-releases/2016/attitudes-to-offensive-language
db02920e-1bf9-4a42-a855-46baf81504e0,Pansy,,Sexual orientation and gender identity,Medium words,"Medium language, potentially unacceptable. Seen as old-fashioned but also derogatory to gay men when used as an insult.",FALSE,2016-10-14,https://www.ofcom.org.uk/about-ofcom/latest/media/media-releases/2016/attitudes-to-offensive-language
ee79528a-78cb-470e-9b18-f2628f9491d5,Bender,,Sexual orientation and gender identity,Strong words,"Strong language, generally unacceptable. Seen as old-fashioned, but derogatory to gay men.",FALSE,2016-10-14,https://www.ofcom.org.uk/about-ofcom/latest/media/media-releases/2016/attitudes-to-offensive-language
db5b966c-6f2f-40dd-8f2d-9bd3f303f06b,Bum boy,,Sexual orientation and gender identity,Strong words,"Strong language, generally unacceptable. Old-fashioned, but derogatory to gay men.",FALSE,2016-10-14,https://www.ofcom.org.uk/about-ofcom/latest/media/media-releases/2016/attitudes-to-offensive-language
1907c67b-1087-4a26-92fe-3e3f0870b741,Bumclat,,Sexual orientation and gender identity,Strong words,"Strong language, generally unacceptable. Low recognition. ",TRUE,2016-10-14,https://www.ofcom.org.uk/about-ofcom/latest/media/media-releases/2016/attitudes-to-offensive-language
f159873d-c6e7-4bb8-8852-7238662179d2,Dyke,,Sexual orientation and gender identity,Strong words,"Strong language, generally unacceptable. Seen as very offensive when used as an insult. Some LGB participants felt it had been reclaimed to a certain extentwithin the lesbian community.",FALSE,2016-10-14,https://www.ofcom.org.uk/about-ofcom/latest/media/media-releases/2016/attitudes-to-offensive-language
efe26eda-2931-49b3-a268-424d66e86767,He-she,,Sexual orientation and gender identity,Strong words,"Strong language, generally unacceptable. Potentially seen as a derogatory term to refer to transgender people and therefore highly offensive.",FALSE,2016-10-14,https://www.ofcom.org.uk/about-ofcom/latest/media/media-releases/2016/attitudes-to-offensive-language
6f969b02-8836-43f8-9b1f-b2c3a563be0e,Homo,,Sexual orientation and gender identity,Strong words,"Strong language, generally unacceptable. Old-fashioned, but seen as derogatory to homosexual people when used as an insult.",FALSE,2016-10-14,https://www.ofcom.org.uk/about-ofcom/latest/media/media-releases/2016/attitudes-to-offensive-language
52094158-31a1-4ffc-a1bc-ff0e4823cafd,Lezza,Lesbo,Sexual orientation and gender identity,Strong words,"Strong language, generally unacceptable. Old-fashioned, but seen as derogatory to lesbians. Can be used by lesbians in a more light-hearted way.",FALSE,2016-10-14,https://www.ofcom.org.uk/about-ofcom/latest/media/media-releases/2016/attitudes-to-offensive-language
9299668d-a2ab-4829-a3a8-6c54ebfaea7b,Muff diver,,Sexual orientation and gender identity,Strong words,"Strong language, generally unacceptable. Seen as a highly derogatory term. Low recognition among older participants.",FALSE,2016-10-14,https://www.ofcom.org.uk/about-ofcom/latest/media/media-releases/2016/attitudes-to-offensive-language
1217d6aa-236a-457c-ac60-265fe8d96e81,Nancy,,Sexual orientation and gender identity,Strong words,"Strong language, generally unacceptable. Old-fashioned, but seen as derogatory to gay men when used as an insult.",FALSE,2016-10-14,https://www.ofcom.org.uk/about-ofcom/latest/media/media-releases/2016/attitudes-to-offensive-language
61c8aecd-8e91-41f5-bc14-46f2c73fd1c8,Poof,,Sexual orientation and gender identity,Strong words,"Strong language, generally unacceptable. Seen as old-fashioned but also derogatory to gay men when used as an insult. Some LGB participants felt it had been reclaimed to a certain extent within the LGB community.",FALSE,2016-10-14,https://www.ofcom.org.uk/about-ofcom/latest/media/media-releases/2016/attitudes-to-offensive-language
155e8607-0a74-448c-b6a7-55f12bda7df3,Queer,,Sexual orientation and gender identity,Strong words,"Strong language, generally unacceptable. Seen as old-fashioned but also derogatory to homosexual people when used as an insult. Some LGB participants felt it had been reclaimed to a certain extent within the LGB community.",FALSE,2016-10-14,https://www.ofcom.org.uk/about-ofcom/latest/media/media-releases/2016/attitudes-to-offensive-language
a32e5132-b127-4a5c-affa-16faf8d3a5ce,Rugmuncher,Carpetmuncher,Sexual orientation and gender identity,Strong words,"Strong language, generally unacceptable. Seen as derogatory to lesbians and very offensive. Low recognition among older participants.",FALSE,2016-10-14,https://www.ofcom.org.uk/about-ofcom/latest/media/media-releases/2016/attitudes-to-offensive-language
2359b193-de5a-4329-835c-c04d71ce8378,Tranny,,Sexual orientation and gender identity,Strong words,"Strong language, generally unacceptable. Very offensive when used as a derogatory way of referring to a transgender person. ",FALSE,2016-10-14,https://www.ofcom.org.uk/about-ofcom/latest/media/media-releases/2016/attitudes-to-offensive-language
c13689de-5064-4879-857c-3111d420f74c,Batty boy,,Sexual orientation and gender identity,Strongest words,"Strongest language, highly unacceptable without strong contextualisation. Not always recognised. Seen as derogatory to gay men and highly offensive, especially among black people. ",FALSE,2016-10-14,https://www.ofcom.org.uk/about-ofcom/latest/media/media-releases/2016/attitudes-to-offensive-language
f3265bb5-8afc-4ab3-a1e6-e6e56bb1f900,Chi-chi man,,Sexual orientation and gender identity,Strongest words,"Strongest language, highly unacceptable without strong contextualisation. Low recognition. Seen as derogatory to gay men and highly offensive by those familiar with the term, especially among black people.",TRUE,2016-10-14,https://www.ofcom.org.uk/about-ofcom/latest/media/media-releases/2016/attitudes-to-offensive-language
181ae7e8-726e-4564-987f-aeaebe2d43e1,Chick with a dick,,Sexual orientation and gender identity,Strongest words,"Strongest language, highly unacceptable without strong contextualisation. Seen as derogatory to transgender people and highly offensive.",FALSE,2016-10-14,https://www.ofcom.org.uk/about-ofcom/latest/media/media-releases/2016/attitudes-to-offensive-language
223da532-cf04-4ba0-8221-06f59b9bb0d9,Faggot,,Sexual orientation and gender identity,Strongest words,"Strongest language, highly unacceptable without strong contextualisation. Seen as derogatory to gay men and highly offensive. Some LGB participants felt ‘fag’ had been reclaimed to a certain extent within the LGB community. ",FALSE,2016-10-14,https://www.ofcom.org.uk/about-ofcom/latest/media/media-releases/2016/attitudes-to-offensive-language
a04cbd45-6987-4b62-8217-94c06cae8b89,Gender bender,,Sexual orientation and gender identity,Strongest words,"Strongest language, highly unacceptable without strong contextualisation. Seen as derogatory to transgender people and highly offensive.",FALSE,2016-10-14,https://www.ofcom.org.uk/about-ofcom/latest/media/media-releases/2016/attitudes-to-offensive-language
fa8306ef-11e2-4b8e-906d-4b33784f3602,Fudge-packer,,Sexual orientation and gender identity,Strongest words,"Strongest language, highly unacceptable without strong contextualisation. Not always recognised. Seen as derogatory to gay men and highly offensive. ",FALSE,2016-10-14,https://www.ofcom.org.uk/about-ofcom/latest/media/media-releases/2016/attitudes-to-offensive-language
3d16d094-19cb-4b2e-a345-c7c3110e6d38,Shirt lifter,,Sexual orientation and gender identity,Strongest words,"Strongest language, highly unacceptable without strong contextualisation. Not always recognised. Seen as derogatory to gay men and highly offensive.",FALSE,2016-10-14,https://www.ofcom.org.uk/about-ofcom/latest/media/media-releases/2016/attitudes-to-offensive-language
8971243d-beb3-4389-86fb-ee2cbbf51c2f,Cretin,,Mental health and physical ability,Milder words,"Mild language, generally of little concern. Mostly acceptable if used to refer to stupidity in a lighthearted or humorous way. Some worry the term is derogatory about those with learning disabilities.",FALSE,2016-10-14,https://www.ofcom.org.uk/about-ofcom/latest/media/media-releases/2016/attitudes-to-offensive-language
fbe66a4e-c0de-4d0e-b4ef-09b6064c0c44,Div,,Mental health and physical ability,Milder words,"Mild language, generally of little concern. Mostly acceptable if used to refer to stupidity in a lighthearted or humorous way. Some worry the term is derogatory about those with learning disabilities.",FALSE,2016-10-14,https://www.ofcom.org.uk/about-ofcom/latest/media/media-releases/2016/attitudes-to-offensive-language
f060af68-066c-4511-90d6-39dc2383bf27,Loony,,Mental health and physical ability,Milder words,"Mild language, generally of little concern. Mostly acceptable if used to refer to stupidity in a lighthearted way without intending to insult. Some worry the term is derogatory about those with learning disabilities.",FALSE,2016-10-14,https://www.ofcom.org.uk/about-ofcom/latest/media/media-releases/2016/attitudes-to-offensive-language
39e830f2-fe43-443a-a6e7-bff758143be1,Mental,,Mental health and physical ability,Milder words,"Mild language, generally of little concern. Mostly acceptable if used to refer to stupidity in a lighthearted or humorous way. Some worry the term is derogatory about those with mental health problems. Disabled participants more concerned.",FALSE,2016-10-14,https://www.ofcom.org.uk/about-ofcom/latest/media/media-releases/2016/attitudes-to-offensive-language
43c8b4ca-7515-4751-a0fd-3abc744ad330,Nutter,,Mental health and physical ability,Milder words,"Mild language, generally of little concern. Mostly acceptable if used to refer to stupidity in a lighthearted or humorous way. Some worry the term is derogatory about those with mental health problems. ",FALSE,2016-10-14,https://www.ofcom.org.uk/about-ofcom/latest/media/media-releases/2016/attitudes-to-offensive-language
0b5c01c2-91f7-4ba4-b929-26f6705f3c7a,Psycho,,Mental health and physical ability,Milder words,"Mild language, generally of little concern. Mostly acceptable if used to refer to erratic behaviour in a light-hearted or humorous way. Some worry the term is derogatory about those with mental health problems.",FALSE,2016-10-14,https://www.ofcom.org.uk/about-ofcom/latest/media/media-releases/2016/attitudes-to-offensive-language
7bd19137-725d-4085-9d91-c3c8d737bfc9,Midget,,Mental health and physical ability,Medium words,"Medium language, potentially unacceptable. Seen as old-fashioned but also derogatory to those with restricted growth when used as an insult. Disabled participants more concerned.",FALSE,2016-10-14,https://www.ofcom.org.uk/about-ofcom/latest/media/media-releases/2016/attitudes-to-offensive-language
38d957d5-12d6-4a7c-91d4-cb3c75a2232d,Schizo,,Mental health and physical ability,Medium words,"Medium language, potentially unacceptable. Seen as derogatory to those with mental health problems when used as an insult. Disabled participants more concerned.",FALSE,2016-10-14,https://www.ofcom.org.uk/about-ofcom/latest/media/media-releases/2016/attitudes-to-offensive-language
8c47fb06-30c4-4d40-be1d-7a2d56b383a7,Special,,Mental health and physical ability,Medium words,"Medium language, potentially unacceptable. Seen as derogatory to those with mental health problems when used as an insult. Disabled participants more concerned.",FALSE,2016-10-14,https://www.ofcom.org.uk/about-ofcom/latest/media/media-releases/2016/attitudes-to-offensive-language
b56a5f98-f93b-43f4-8958-54901b82cc3e,Vegetable,,Mental health and physical ability,Medium words,"Medium language, potentially unacceptable. Some debate about whether this is acceptable when used to describe someone who is lazy. However, seen as derogatory to those with mental health problems when used as an insult. ",FALSE,2016-10-14,https://www.ofcom.org.uk/about-ofcom/latest/media/media-releases/2016/attitudes-to-offensive-language
63aa3554-bd58-4226-ae38-c7873f1b3e95,Cripple,,Mental health and physical ability,Strong words,"Strong language, generally unacceptable. Seen as derogatory to people with physical disabilities. Highly offensive to disabled participants.",FALSE,2016-10-14,https://www.ofcom.org.uk/about-ofcom/latest/media/media-releases/2016/attitudes-to-offensive-language
75c8cd30-9c15-4c4b-9d14-316a2869ae03,Mong,,Mental health and physical ability,Strongest words,"Strongest language, highly unacceptable without strong contextualisation. Seen as derogatory and highly offensive by participants across the research.",FALSE,2016-10-14,https://www.ofcom.org.uk/about-ofcom/latest/media/media-releases/2016/attitudes-to-offensive-language
bb86c9e1-2aa6-4a53-8741-a26f96bc73aa,Retard,,Mental health and physical ability,Strongest words,"Strongest language, highly unacceptable without strong contextualisation. Seen as derogatory and highly offensive to people with mental health problems by participants across the research. Highly offensive to disabled participants.",FALSE,2016-10-14,https://www.ofcom.org.uk/about-ofcom/latest/media/media-releases/2016/attitudes-to-offensive-language
96ceb188-0e9a-4676-9b5d-21ca7cad4ffb,Spastic,"Spakka, Spaz",Mental health and physical ability,Strongest words,"Strongest language, highly unacceptable without strong contextualisation. Seen as derogatory and highly offensive to people with mental health problems by participants across the research. Some confusion because many remember The Spastics Society, but clear view that this term is no longer acceptable. Highly offensive to disabled participants.",FALSE,2016-10-14,https://www.ofcom.org.uk/about-ofcom/latest/media/media-releases/2016/attitudes-to-offensive-language
a78c9e8e-2d69-409a-ac0b-c1a9a7c75d17,Window licker,,Mental health and physical ability,Strongest words,"Strongest language, highly unacceptable without strong contextualisation. Seen as derogatory and highly offensive to people with mental health problems by participants across the research. Highly offensive to disabled participants.",FALSE,2016-10-14,https://www.ofcom.org.uk/about-ofcom/latest/media/media-releases/2016/attitudes-to-offensive-language
1ef235ad-c7c6-4057-9f42-6d66e2889774,Jock,,Race and ethnicity,Milder words,"Mild language, generally of little concern. Seen as an informal and humorous term. Scottish participants not offended. ",FALSE,2016-10-14,https://www.ofcom.org.uk/about-ofcom/latest/media/media-releases/2016/attitudes-to-offensive-language
3491f8f1-e74c-4970-a054-e79ff2800bce,Hun,,Race and ethnicity,Milder words,"Mild language, generally of little concern. However, seen as less acceptable by those familiar with the history and use of the term as a sectarian insult. Others unfamiliar with its use as an insult assumed it was an abbreviation of ‘honey’.",FALSE,2016-10-14,https://www.ofcom.org.uk/about-ofcom/latest/media/media-releases/2016/attitudes-to-offensive-language
e110f37d-57bc-4542-91cf-1be3562c0570,Nazi,,Race and ethnicity,Milder words,"Mild language, generally of little concern. Acceptable as a factual description when discussing Germany under Hitler, and also subsequent extreme right-wing groups. Potentially offensive if used in a modern context to insult German people.",FALSE,2016-10-14,https://www.ofcom.org.uk/about-ofcom/latest/media/media-releases/2016/attitudes-to-offensive-language
59eceda4-65d7-4bff-ae5d-30b7df35870d,Coloured,,Race and ethnicity,Medium words,"Debated language. Considered derogatory and racist by many, particularly younger and middle-aged participants. Some older participants unaware the word is potentially offensive.",FALSE,2016-10-14,https://www.ofcom.org.uk/about-ofcom/latest/media/media-releases/2016/attitudes-to-offensive-language
86e1bdd4-86ae-4406-a602-408ad5dd285d,Gippo,,Race and ethnicity,Medium words,"Debated language. Seen by some as derogatory and insulting, implying negative connotations with Gypsies and Travellers. Others considered it less problematic. Participants from the Traveller community found this word very offensive.",FALSE,2016-10-14,https://www.ofcom.org.uk/about-ofcom/latest/media/media-releases/2016/attitudes-to-offensive-language
4de6824a-43dc-467d-adce-7d387374915e,Kraut,,Race and ethnicity,Medium words,"Medium language, potentially unacceptable. Seen as derogatory to Germans when used as an insult.",FALSE,2016-10-14,https://www.ofcom.org.uk/about-ofcom/latest/media/media-releases/2016/attitudes-to-offensive-language
0e758dc0-bc44-49a2-a24f-3ede5f25f2e1,Pikey,,Race and ethnicity,Medium words,"Medium language, potentially unacceptable. Some debate about whether its use to mean something of poor quality is acceptable or not. Participants from the Traveller community found this word very offensive.",FALSE,2016-10-14,https://www.ofcom.org.uk/about-ofcom/latest/media/media-releases/2016/attitudes-to-offensive-language
8678acd7-8c57-4f51-8165-e276046f8d7a,Taff,,Race and ethnicity,Medium words,"Medium language, potentially unacceptable. Some uncertainty outside Wales about how offensive it is to Welsh people.",TRUE,2016-10-14,https://www.ofcom.org.uk/about-ofcom/latest/media/media-releases/2016/attitudes-to-offensive-language
944209bd-ff3a-4258-9a07-0dc2810ba43a,Choc ice,,Race and ethnicity,Strong words,"Strong language, generally unacceptable. Low recognition. Mostly recognised by younger people and people from ethnic minorities. Seen as derogatory to black people by those familiar with the term. ",TRUE,2016-10-14,https://www.ofcom.org.uk/about-ofcom/latest/media/media-releases/2016/attitudes-to-offensive-language
19877837-9027-4d89-8a53-80b7cbfe26a2,Dago,,Race and ethnicity,Strong words,"Strong language, generally unacceptable. Low recognition. Mostly recognised by younger people and people from ethnic minorities. Seen as derogatory to people of Italian descent by those familiar with the term. ",TRUE,2016-10-14,https://www.ofcom.org.uk/about-ofcom/latest/media/media-releases/2016/attitudes-to-offensive-language
2bfd21a4-1764-4bc3-a213-237f5c76b01e,Gook,,Race and ethnicity,Strong words,"Strong language, generally unacceptable. Low recognition. Seen as derogatory to people from East and South East Asian backgrounds by those familiar with the term.",TRUE,2016-10-14,https://www.ofcom.org.uk/about-ofcom/latest/media/media-releases/2016/attitudes-to-offensive-language
2013b052-4d0d-4400-968f-ddbe1efe291a,Honky,,Race and ethnicity,Strong words,"Strong language, generally unacceptable. Seen as derogatory to white people.",FALSE,2016-10-14,https://www.ofcom.org.uk/about-ofcom/latest/media/media-releases/2016/attitudes-to-offensive-language
5615ae6e-df07-40cb-a7b9-95eead8cbc92,Jap,,Race and ethnicity,Strong words,"Strong language, generally unacceptable. Seen as derogatory to Japanese people when used as an insult. Some found it acceptable when used as simple shorthand for ‘Japanese’. ",FALSE,2016-10-14,https://www.ofcom.org.uk/about-ofcom/latest/media/media-releases/2016/attitudes-to-offensive-language
219551ab-02c4-4683-8e0f-ab7c2c8480b6,Negro,,Race and ethnicity,Strong words,"Strong language, generally unacceptable. Problematic outside of a proper historical context. Seen as derogatory to black people.",FALSE,2016-10-14,https://www.ofcom.org.uk/about-ofcom/latest/media/media-releases/2016/attitudes-to-offensive-language
2b596fa6-e3e1-41ae-836e-180f824d97a1,Polack,,Race and ethnicity,Strong words,"Strong language, generally unacceptable. While some see this word as a general reference to Polish people without a negative connotation, most view it as derogatory to Polish people.",FALSE,2016-10-14,https://www.ofcom.org.uk/about-ofcom/latest/media/media-releases/2016/attitudes-to-offensive-language
d995a74f-62f0-463b-b63f-cdcf361463fe,Raghead,,Race and ethnicity,Strong words,"Strong language, generally unacceptable. Seen as derogatory to Muslims and Arabs.",FALSE,2016-10-14,https://www.ofcom.org.uk/about-ofcom/latest/media/media-releases/2016/attitudes-to-offensive-language
991c203a-8fe5-49e2-b22b-bd9a73c571b9,Slope,,Race and ethnicity,Strong words,"Strong language, generally unacceptable. Low recognition. Seen as as derogatory to Asian people by those familiar with the term.",TRUE,2016-10-14,https://www.ofcom.org.uk/about-ofcom/latest/media/media-releases/2016/attitudes-to-offensive-language
3ce9d750-75fa-479b-a2b7-4fc9ca1a50af,Spade,,Race and ethnicity,Strong words,"Strong language, generally unacceptable. Seen as derogatory to black people.",FALSE,2016-10-14,https://www.ofcom.org.uk/about-ofcom/latest/media/media-releases/2016/attitudes-to-offensive-language
df7bedb4-5466-463d-8607-e3df9b11f6f4,Spic,,Race and ethnicity,Strong words,"Strong language, generally unacceptable. Low recognition. Seen as derogatory to Central and South Americans by those familiar with the term.",TRUE,2016-10-14,https://www.ofcom.org.uk/about-ofcom/latest/media/media-releases/2016/attitudes-to-offensive-language
b01c19e1-b4d9-4c6d-9b08-7a66e85432a0,Wop,,Race and ethnicity,Strong words,"Strong language, generally unacceptable. Low recognition. Seen as as derogatory to Italian people by those familiar with the term.",TRUE,2016-10-14,https://www.ofcom.org.uk/about-ofcom/latest/media/media-releases/2016/attitudes-to-offensive-language
d5d422a3-26f9-4589-9a63-dd663c9d5e03,Chinky,,Race and ethnicity,Strongest words,"Strongest language, highly unacceptable without strong contextualisation. Seen as derogatory to Chinese people. More mixed views regarding use of the term to mean ‘Chinese takeaway’.",FALSE,2016-10-14,https://www.ofcom.org.uk/about-ofcom/latest/media/media-releases/2016/attitudes-to-offensive-language
9b34cbc9-cae0-4ebb-a9b4-bec2f68999b7,Coon,,Race and ethnicity,Strongest words,"Strongest language, highly unacceptable without strong contextualisation. Seen as derogatory to black people.",FALSE,2016-10-14,https://www.ofcom.org.uk/about-ofcom/latest/media/media-releases/2016/attitudes-to-offensive-language
e0e72c0c-1fb7-4023-8d4c-7e225174fd26,Darky,,Race and ethnicity,Strongest words,"Strongest language, highly unacceptable without strong contextualisation. Seen as derogatory to black people.",FALSE,2016-10-14,https://www.ofcom.org.uk/about-ofcom/latest/media/media-releases/2016/attitudes-to-offensive-language
7fb0283d-4ab1-47d6-8873-65a415cf18fa,Golliwog,,Race and ethnicity,Strongest words,"Strongest language, highly unacceptable without strong contextualisation. Seen as derogatory to black people.",FALSE,2016-10-14,https://www.ofcom.org.uk/about-ofcom/latest/media/media-releases/2016/attitudes-to-offensive-language
ec643d7f-fe07-4d71-8dff-ab3d2251daa5,Nigger,,Race and ethnicity,Strongest words,"Strongest language, highly unacceptable without strong contextualisation. Seen as derogatory to black people. Some debate and confusion around the term being reclaimed in black culture. ",FALSE,2016-10-14,https://www.ofcom.org.uk/about-ofcom/latest/media/media-releases/2016/attitudes-to-offensive-language
80b86aed-042a-4a19-bb7a-82efe74db403,Nig-nog,,Race and ethnicity,Strongest words,"Strongest language, highly unacceptable without strong contextualisation. Seen as as derogatory to black people.",FALSE,2016-10-14,https://www.ofcom.org.uk/about-ofcom/latest/media/media-releases/2016/attitudes-to-offensive-language
7d7e7053-17f4-4e9e-b5c7-b098d50137c5,Paki,,Race and ethnicity,Strongest words,"Strongest language, highly unacceptable without strong contextualisation. Seen as derogatory to Pakistani people. ",FALSE,2016-10-14,https://www.ofcom.org.uk/about-ofcom/latest/media/media-releases/2016/attitudes-to-offensive-language
8a0f06e8-27e1-47bb-9086-23c0dd6495a6,Sambo,,Race and ethnicity,Strongest words,"Strongest language, highly unacceptable without strong contextualisation. Low recognition. Seen as derogatory to black people.",TRUE,2016-10-14,https://www.ofcom.org.uk/about-ofcom/latest/media/media-releases/2016/attitudes-to-offensive-language
07d1725e-d4c5-4471-aa6c-526d68a09f24,Wog,,Race and ethnicity,Strongest words,"Strongest language, highly unacceptable without strong contextualisation. Seen as derogatory to black people.",FALSE,2016-10-14,https://www.ofcom.org.uk/about-ofcom/latest/media/media-releases/2016/attitudes-to-offensive-language